file,class,type,cbo,cboModified,fanin,fanout,wmc,dit,noc,rfc,lcom,lcom*,tcc,lcc,totalMethodsQty,staticMethodsQty,publicMethodsQty,privateMethodsQty,protectedMethodsQty,defaultMethodsQty,visibleMethodsQty,abstractMethodsQty,finalMethodsQty,synchronizedMethodsQty,totalFieldsQty,staticFieldsQty,publicFieldsQty,privateFieldsQty,protectedFieldsQty,defaultFieldsQty,finalFieldsQty,synchronizedFieldsQty,nosi,loc,returnQty,loopQty,comparisonsQty,tryCatchQty,parenthesizedExpsQty,stringLiteralsQty,numbersQty,assignmentsQty,mathOperationsQty,variablesQty,maxNestedBlocksQty,anonymousClassesQty,innerClassesQty,lambdasQty,uniqueWordsQty,modifiers,logStatementsQty
E:\Desktop\Courses\OOP\Week6\Project\intellij-sdk-docs\code_samples\facet_basics\src\main\java\org\intellij\sdk\facet\DemoFacet.java,org.intellij.sdk.facet.DemoFacet,class,3,4,1,3,1,2,0,0,0,0.0,NaN,NaN,1,0,1,0,0,0,1,0,0,0,0,0,0,0,0,0,0,0,0,5,0,0,0,0,0,0,0,0,0,0,0,0,0,0,11,1,0
E:\Desktop\Courses\OOP\Week6\Project\intellij-sdk-docs\code_samples\settings\src\main\java\org\intellij\sdk\settings\AppSettingsState.java,org.intellij.sdk.settings.AppSettingsState,class,6,8,2,6,3,1,0,3,3,1.0,0.0,0.0,3,1,2,0,0,1,3,0,0,0,2,0,2,0,0,0,0,0,0,13,2,0,0,0,0,3,0,2,0,2,0,0,0,0,31,16,0
E:\Desktop\Courses\OOP\Week6\Project\intellij-sdk-docs\code_samples\action_basics\src\main\java\org\intellij\sdk\action\CustomDefaultActionGroup.java,org.intellij.sdk.action.CustomDefaultActionGroup,class,5,5,0,5,3,2,0,4,1,0.0,0.0,0.0,2,0,2,0,0,0,2,0,0,0,0,0,0,0,0,0,0,0,0,10,1,0,1,0,0,0,0,1,0,1,0,0,0,0,43,1,0
E:\Desktop\Courses\OOP\Week6\Project\intellij-sdk-docs\code_samples\run_configuration\src\main\java\org\jetbrains\sdk\runConfiguration\DemoRunConfiguration.java,org.jetbrains.sdk.runConfiguration.DemoRunConfiguration,class,14,18,4,14,6,2,0,4,15,0.0,0.0,0.0,6,0,4,0,2,0,6,0,0,0,0,0,0,0,0,0,0,0,0,28,4,0,0,0,0,0,0,0,0,0,0,1,0,0,22,1,0
E:\Desktop\Courses\OOP\Week6\Project\intellij-sdk-docs\code_samples\simple_language_plugin\src\main\java\org\intellij\sdk\language\psi\impl\SimplePsiImplUtil.java,org.intellij.sdk.language.psi.impl.SimplePsiImplUtil,class,7,9,2,7,10,1,0,10,15,0.0,0.0,0.0,6,6,6,0,0,0,6,0,0,0,0,0,0,0,0,0,0,0,2,56,9,0,4,0,0,2,0,6,0,6,1,1,0,0,24,1,0
E:\Desktop\Courses\OOP\Week6\Project\intellij-sdk-docs\code_samples\comparing_string_references_inspection\src\main\java\org\intellij\sdk\codeInspection\ComparingStringReferencesInspection.java,org.intellij.sdk.codeInspection.ComparingStringReferencesInspection,class,8,9,1,8,1,2,0,0,0,1.0,NaN,NaN,1,0,1,0,0,0,1,0,0,0,1,0,0,1,0,0,1,0,0,63,1,0,0,0,0,0,0,1,0,1,0,1,1,0,75,16,0
E:\Desktop\Courses\OOP\Week6\Project\intellij-sdk-docs\code_samples\project_model\src\main\java\org\intellij\sdk\project\model\ModificationAction.java,org.intellij.sdk.project.model.ModificationAction,class,10,10,0,10,11,2,0,12,3,0.0,0.0,0.0,3,0,3,0,0,0,3,0,0,0,0,0,0,0,0,0,0,0,0,35,5,0,6,0,1,0,0,8,0,8,2,0,0,0,25,1,0
E:\Desktop\Courses\OOP\Week6\Project\intellij-sdk-docs\code_samples\max_opened_projects\src\main\java\org\intellij\sdk\maxOpenProjects\ProjectCountingService.java,org.intellij.sdk.maxOpenProjects.ProjectCountingService,class,1,3,2,1,5,1,0,0,0,0.33333334,1.0,1.0,3,0,3,0,0,0,3,0,0,0,2,1,0,2,0,0,1,0,0,15,1,0,0,0,0,0,3,2,0,2,1,0,0,0,43,17,0
E:\Desktop\Courses\OOP\Week6\Project\intellij-sdk-docs\code_samples\action_basics\src\main\java\org\intellij\sdk\action\PopupDialogAction.java,org.intellij.sdk.action.PopupDialogAction,class,7,8,1,7,7,2,0,11,10,0.0,0.0,0.0,5,0,5,0,0,0,5,0,0,0,0,0,0,0,0,0,0,0,0,25,1,0,2,0,0,2,0,5,1,5,1,0,0,0,78,1,0
E:\Desktop\Courses\OOP\Week6\Project\intellij-sdk-docs\code_samples\editor_basics\src\main\java\org\intellij\sdk\editor\EditorHandlerIllustration.java,org.intellij.sdk.editor.EditorHandlerIllustration,class,8,8,0,8,5,2,0,13,3,0.0,0.0,0.0,3,0,3,0,0,0,3,0,0,0,0,0,0,0,0,0,0,0,0,20,1,0,2,0,0,0,0,7,0,6,1,0,0,0,48,1,0
E:\Desktop\Courses\OOP\Week6\Project\intellij-sdk-docs\code_samples\simple_language_plugin\src\main\java\org\intellij\sdk\language\psi\impl\SimplePsiImplUtil.java,org.intellij.sdk.language.psi.impl.SimplePsiImplUtil$Anonymous1,anonymous,3,3,0,3,4,1,0,4,3,0.0,0.0,0.0,3,0,3,0,0,0,3,0,0,0,0,0,0,0,0,0,0,0,0,12,3,0,1,0,0,0,1,1,0,1,0,0,0,0,11,-1,0
E:\Desktop\Courses\OOP\Week6\Project\intellij-sdk-docs\code_samples\simple_language_plugin\src\main\java\org\intellij\sdk\language\SimpleColorSettingsPage.java,org.intellij.sdk.language.SimpleColorSettingsPage,class,8,8,0,8,7,1,0,0,21,0.85714287,0.0,0.0,7,0,7,0,0,0,7,0,0,0,1,1,0,1,0,0,1,0,0,24,7,0,0,0,0,17,0,1,1,1,0,0,0,0,63,16,0
E:\Desktop\Courses\OOP\Week6\Project\intellij-sdk-docs\code_samples\project_view_pane\src\main\java\org\intellij\sdk\view\pane\ImagesProjectViewPane.java,org.intellij.sdk.view.pane.ImagesProjectViewPane,class,9,9,0,9,8,2,0,0,26,0.75,0.035714287,0.035714287,8,0,5,0,2,1,8,0,0,0,1,1,1,0,0,0,1,0,0,58,7,0,0,0,0,2,1,1,0,1,0,3,0,0,24,16,0
E:\Desktop\Courses\OOP\Week6\Project\intellij-sdk-docs\code_samples\settings\src\main\java\org\intellij\sdk\settings\AppSettingsConfigurable.java,org.intellij.sdk.settings.AppSettingsConfigurable,class,5,5,0,5,8,1,0,8,0,0.14285715,0.71428573,0.71428573,7,0,7,0,0,0,7,0,0,0,1,0,0,1,0,0,0,0,3,32,4,0,1,0,0,1,0,9,0,5,0,0,0,0,30,16,0
E:\Desktop\Courses\OOP\Week6\Project\intellij-sdk-docs\code_samples\simple_language_plugin\src\main\java\org\intellij\sdk\language\SimpleStructureViewFactory.java,org.intellij.sdk.language.SimpleStructureViewFactory$Anonymous1,anonymous,5,5,0,5,1,1,0,0,0,0.0,NaN,NaN,1,0,1,0,0,0,1,0,0,0,0,0,0,0,0,0,0,0,0,5,1,0,0,0,0,0,0,0,0,0,0,0,0,0,7,-1,0
E:\Desktop\Courses\OOP\Week6\Project\intellij-sdk-docs\code_samples\tool_window\src\main\java\org\intellij\sdk\toolWindow\CalendarToolWindowFactory.java,org.intellij.sdk.toolWindow.CalendarToolWindowFactory$CalendarToolWindowContent,innerclass,3,3,0,3,11,1,0,25,41,0.84285724,1.0,1.0,10,0,2,8,0,0,2,0,0,0,7,3,0,7,0,0,7,0,5,63,7,0,0,0,2,11,10,15,6,17,0,0,0,2,58,10,0
E:\Desktop\Courses\OOP\Week6\Project\intellij-sdk-docs\code_samples\comparing_string_references_inspection\src\main\java\org\intellij\sdk\codeInspection\ComparingStringReferencesInspection.java,org.intellij.sdk.codeInspection.ComparingStringReferencesInspection$Anonymous1,anonymous,8,8,0,8,12,1,0,13,3,0.0,NaN,NaN,3,1,1,2,0,0,1,0,0,0,0,0,0,0,0,0,0,0,3,26,4,0,5,0,1,2,0,4,0,4,2,0,0,0,53,-1,0
E:\Desktop\Courses\OOP\Week6\Project\intellij-sdk-docs\code_samples\simple_language_plugin\src\main\java\org\intellij\sdk\language\psi\SimpleElementType.java,org.intellij.sdk.language.psi.SimpleElementType,class,3,4,1,3,1,2,0,0,0,0.0,NaN,NaN,1,0,1,0,0,0,1,0,0,0,0,0,0,0,0,0,0,0,0,5,0,0,0,0,0,0,0,0,0,0,0,0,0,0,6,1,0
E:\Desktop\Courses\OOP\Week6\Project\intellij-sdk-docs\code_samples\simple_language_plugin\src\main\java\org\intellij\sdk\language\SimpleLanguage.java,org.intellij.sdk.language.SimpleLanguage,class,2,5,3,2,1,2,0,0,0,1.0,-1.0,-1.0,1,0,0,1,0,0,0,0,0,0,1,1,1,0,0,0,1,0,0,6,0,0,0,0,0,1,0,1,0,1,0,0,0,0,9,1,0
E:\Desktop\Courses\OOP\Week6\Project\intellij-sdk-docs\code_samples\comparing_string_references_inspection\src\main\java\org\intellij\sdk\codeInspection\InspectionBundle.java,org.intellij.sdk.codeInspection.InspectionBundle,class,6,10,4,6,2,2,0,1,0,0.25,NaN,NaN,2,1,1,1,0,0,1,0,0,0,2,2,1,1,0,0,2,0,0,10,1,0,0,0,0,1,0,2,0,2,0,0,0,0,15,17,0
E:\Desktop\Courses\OOP\Week6\Project\intellij-sdk-docs\code_samples\conditional_operator_intention\src\main\java\org\intellij\sdk\intention\ConditionalOperatorConverter.java,org.intellij.sdk.intention.ConditionalOperatorConverter,class,23,24,1,23,25,2,0,31,6,0.0,0.0,0.0,4,0,4,0,0,0,4,0,0,0,0,0,0,0,0,0,0,0,0,102,17,2,16,0,1,5,2,30,4,24,3,0,0,0,163,16,0
E:\Desktop\Courses\OOP\Week6\Project\intellij-sdk-docs\code_samples\simple_language_plugin\src\main\java\org\intellij\sdk\language\SimpleSyntaxHighlighterFactory.java,org.intellij.sdk.language.SimpleSyntaxHighlighterFactory,class,6,6,0,6,1,2,0,0,0,0.0,NaN,NaN,1,0,1,0,0,0,1,0,0,0,0,0,0,0,0,0,0,0,0,5,1,0,0,0,0,0,0,0,0,0,0,0,0,0,9,16,0
E:\Desktop\Courses\OOP\Week6\Project\intellij-sdk-docs\code_samples\project_view_pane\src\main\java\org\intellij\sdk\view\pane\ImagesProjectNode.java,org.intellij.sdk.view.pane.ImagesProjectNode$Anonymous1$Anonymous2,anonymous,1,1,0,1,1,1,0,9,0,0.0,NaN,NaN,1,0,1,0,0,0,1,0,0,0,0,0,0,0,0,0,0,0,0,7,0,0,0,0,0,0,0,0,0,0,0,0,0,1,7,-1,0
E:\Desktop\Courses\OOP\Week6\Project\intellij-sdk-docs\code_samples\max_opened_projects\src\main\java\org\intellij\sdk\maxOpenProjects\ProjectCloseListener.java,org.intellij.sdk.maxOpenProjects.ProjectCloseListener,class,4,4,0,4,2,1,0,4,0,0.0,NaN,NaN,1,0,1,0,0,0,1,0,0,0,0,0,0,0,0,0,0,0,0,9,1,0,0,0,0,0,0,1,0,1,1,0,0,0,10,1,0
E:\Desktop\Courses\OOP\Week6\Project\intellij-sdk-docs\code_samples\project_model\src\main\java\org\intellij\sdk\project\model\ShowSourceRootsActions.java,org.intellij.sdk.project.model.ShowSourceRootsActions,class,6,6,0,6,6,2,0,12,3,0.0,0.0,0.0,3,0,3,0,0,0,3,0,0,0,0,0,0,0,0,0,0,0,0,23,2,1,2,0,0,4,0,5,1,5,1,0,0,0,30,1,0
E:\Desktop\Courses\OOP\Week6\Project\intellij-sdk-docs\code_samples\simple_language_plugin\src\main\java\org\intellij\sdk\language\SimpleCodeStyleSettingsProvider.java,org.intellij.sdk.language.SimpleCodeStyleSettingsProvider,class,11,12,1,11,3,3,0,1,3,0.0,0.0,0.0,3,0,3,0,0,0,3,0,0,0,0,0,0,0,0,0,0,0,0,21,3,0,0,0,0,1,0,0,0,0,0,1,1,0,14,16,0
E:\Desktop\Courses\OOP\Week6\Project\intellij-sdk-docs\code_samples\settings\src\main\java\org\intellij\sdk\settings\AppSettingsComponent.java,org.intellij.sdk.settings.AppSettingsComponent,class,4,5,1,4,7,1,0,9,1,0.5714286,0.47619048,1.0,7,0,7,0,0,0,7,0,0,0,3,0,0,3,0,0,3,0,0,26,4,0,0,0,0,2,3,3,0,3,0,0,0,0,32,1,0
E:\Desktop\Courses\OOP\Week6\Project\intellij-sdk-docs\code_samples\facet_basics\src\main\java\org\intellij\sdk\facet\DemoFacetEditorTab.java,org.intellij.sdk.facet.DemoFacetEditorTab,class,7,8,1,7,7,2,0,9,0,0.44444442,0.6666667,0.6666667,6,0,6,0,0,0,6,0,0,0,3,1,0,3,0,0,3,0,0,35,3,0,0,1,0,1,0,6,0,6,1,0,0,0,110,1,0
E:\Desktop\Courses\OOP\Week6\Project\intellij-sdk-docs\code_samples\simple_language_plugin\src\main\java\org\intellij\sdk\language\SimpleRefactoringSupportProvider.java,org.intellij.sdk.language.SimpleRefactoringSupportProvider,class,5,5,0,5,1,2,0,0,0,0.0,NaN,NaN,1,0,1,0,0,0,1,0,0,0,0,0,0,0,0,0,0,0,0,5,1,0,0,0,1,0,0,0,0,0,0,0,0,0,15,16,0
E:\Desktop\Courses\OOP\Week6\Project\intellij-sdk-docs\code_samples\simple_language_plugin\src\main\java\org\intellij\sdk\language\SimpleCodeStyleSettings.java,org.intellij.sdk.language.SimpleCodeStyleSettings,class,2,3,1,2,1,2,0,0,0,0.0,NaN,NaN,1,0,1,0,0,0,1,0,0,0,0,0,0,0,0,0,0,0,0,5,0,0,0,0,0,1,0,0,0,0,0,0,0,0,6,1,0
E:\Desktop\Courses\OOP\Week6\Project\intellij-sdk-docs\code_samples\framework_basics\src\main\java\org\intellij\sdk\framework\DemoFramework.java,org.intellij.sdk.framework.DemoFramework,class,4,5,1,4,4,2,0,0,6,0.75,0.0,0.0,4,0,3,0,0,1,4,0,0,0,1,1,1,0,0,0,1,0,0,33,3,0,0,0,0,2,0,1,0,1,0,1,0,0,24,16,0
E:\Desktop\Courses\OOP\Week6\Project\intellij-sdk-docs\code_samples\simple_language_plugin\src\main\java\org\intellij\sdk\language\SimpleSyntaxHighlighter.java,org.intellij.sdk.language.SimpleSyntaxHighlighter,class,6,8,2,6,7,2,0,2,1,0.5,0.0,0.0,2,0,2,0,0,0,2,0,0,0,11,11,5,6,0,0,11,0,0,34,7,0,0,0,0,5,1,11,0,11,1,0,0,0,37,1,0
E:\Desktop\Courses\OOP\Week6\Project\intellij-sdk-docs\code_samples\simple_language_plugin\src\main\java\org\intellij\sdk\language\psi\SimpleNamedElement.java,org.intellij.sdk.language.psi.SimpleNamedElement,interface,1,4,3,1,0,1,0,0,0,0.0,-1.0,-1.0,0,0,0,0,0,0,0,0,0,0,0,0,0,0,0,0,0,0,0,2,0,0,0,0,0,0,0,0,0,0,0,0,0,0,7,1,0
E:\Desktop\Courses\OOP\Week6\Project\intellij-sdk-docs\code_samples\framework_basics\src\main\java\org\intellij\sdk\framework\DemoFramework.java,org.intellij.sdk.framework.DemoFramework$Anonymous1,anonymous,7,7,0,7,3,1,0,0,3,0.0,0.0,0.0,3,0,3,0,0,0,3,0,0,0,0,0,0,0,0,0,0,0,0,18,3,0,0,0,0,0,0,0,0,0,0,1,0,0,16,-1,0
E:\Desktop\Courses\OOP\Week6\Project\intellij-sdk-docs\code_samples\module\src\main\java\org\intellij\sdk\module\DemoModuleBuilder.java,org.intellij.sdk.module.DemoModuleBuilder,class,9,10,1,9,3,2,0,1,3,0.0,0.0,0.0,3,0,3,0,0,0,3,0,0,0,0,0,0,0,0,0,0,0,1,10,2,0,0,0,0,0,0,0,0,0,0,0,0,0,17,1,0
E:\Desktop\Courses\OOP\Week6\Project\intellij-sdk-docs\code_samples\simple_language_plugin\src\main\java\org\intellij\sdk\language\SimpleParserDefinition.java,org.intellij.sdk.language.SimpleParserDefinition,class,16,17,1,16,7,1,0,1,21,0.85714287,0.0,0.0,7,0,7,0,0,0,7,0,0,0,1,1,1,0,0,0,1,0,1,24,7,0,0,0,0,0,0,1,0,1,0,0,0,0,32,16,0
E:\Desktop\Courses\OOP\Week6\Project\intellij-sdk-docs\code_samples\framework_basics\src\main\java\org\intellij\sdk\framework\DemoFramework.java,org.intellij.sdk.framework.DemoFramework$Anonymous1$Anonymous2,anonymous,3,3,0,3,2,1,0,0,1,0.0,0.0,0.0,2,0,2,0,0,0,2,0,0,0,0,0,0,0,0,0,0,0,0,7,1,0,0,0,0,1,0,0,0,0,0,0,0,0,15,-1,0
E:\Desktop\Courses\OOP\Week6\Project\intellij-sdk-docs\code_samples\run_configuration\src\main\java\org\jetbrains\sdk\runConfiguration\DemoConfigurationFactory.java,org.jetbrains.sdk.runConfiguration.DemoConfigurationFactory,class,8,9,1,8,4,2,0,0,6,0.0,0.0,0.0,4,0,3,0,1,0,4,0,0,0,0,0,0,0,0,0,0,0,0,14,3,0,0,0,0,1,0,0,0,0,0,0,0,0,16,1,0
E:\Desktop\Courses\OOP\Week6\Project\intellij-sdk-docs\code_samples\max_opened_projects\src\main\java\org\intellij\sdk\maxOpenProjects\ProjectOpenStartupActivity.java,org.intellij.sdk.maxOpenProjects.ProjectOpenStartupActivity,class,4,4,0,4,3,1,0,10,0,0.0,NaN,NaN,1,0,1,0,0,0,1,0,0,0,0,0,0,0,0,0,0,0,1,14,1,0,0,0,0,2,0,3,0,3,1,0,0,1,27,16,0
E:\Desktop\Courses\OOP\Week6\Project\intellij-sdk-docs\code_samples\simple_language_plugin\src\main\java\org\intellij\sdk\language\SimpleReferenceContributor.java,org.intellij.sdk.language.SimpleReferenceContributor$Anonymous1,anonymous,7,7,0,7,4,1,0,3,0,0.0,NaN,NaN,1,0,1,0,0,0,1,0,0,0,0,0,0,0,0,0,0,0,0,11,2,0,1,0,1,0,2,3,3,3,1,0,0,0,32,-1,0
E:\Desktop\Courses\OOP\Week6\Project\intellij-sdk-docs\code_samples\conditional_operator_intention\src\test\testData\before.template.java,X,class,0,0,0,0,1,1,0,0,0,0.0,NaN,NaN,1,0,0,0,0,1,1,0,0,0,0,0,0,0,0,0,0,0,0,4,0,0,0,0,0,0,0,0,0,0,0,0,0,0,4,1,0
E:\Desktop\Courses\OOP\Week6\Project\intellij-sdk-docs\code_samples\simple_language_plugin\src\main\gen\org\intellij\sdk\language\psi\SimpleProperty.java,org.intellij.sdk.language.psi.SimpleProperty,interface,4,25,21,4,6,1,0,0,15,0.0,0.0,0.0,6,0,0,0,0,6,6,0,0,0,0,0,0,0,0,0,0,0,0,8,0,0,0,0,0,0,0,0,0,0,0,0,0,0,14,1,0
E:\Desktop\Courses\OOP\Week6\Project\intellij-sdk-docs\code_samples\project_model\src\main\java\org\intellij\sdk\project\model\ProjectFileIndexSampleAction.java,org.intellij.sdk.project.model.ProjectFileIndexSampleAction,class,10,10,0,10,9,2,0,16,3,0.0,0.0,0.0,3,0,3,0,0,0,3,0,0,0,0,0,0,0,0,0,0,0,0,32,2,0,6,0,0,10,0,15,2,15,1,0,0,0,41,1,0
E:\Desktop\Courses\OOP\Week6\Project\intellij-sdk-docs\code_samples\simple_language_plugin\src\main\java\org\intellij\sdk\language\SimpleAnnotator.java,org.intellij.sdk.language.SimpleAnnotator,class,9,9,0,9,6,1,0,18,0,0.0,NaN,NaN,1,0,1,0,0,0,1,0,0,0,2,2,2,0,0,0,2,0,1,26,2,0,1,0,1,3,2,8,4,8,1,0,0,0,36,16,0
E:\Desktop\Courses\OOP\Week6\Project\intellij-sdk-docs\code_samples\project_model\src\main\java\org\intellij\sdk\project\model\ProjectSdkAction.java,org.intellij.sdk.project.model.ProjectSdkAction,class,6,6,0,6,6,2,0,9,3,0.0,0.0,0.0,3,0,3,0,0,0,3,0,0,0,0,0,0,0,0,0,0,0,0,24,1,0,4,0,0,3,0,6,1,6,2,0,0,0,23,1,0
E:\Desktop\Courses\OOP\Week6\Project\intellij-sdk-docs\code_samples\run_configuration\src\main\java\org\jetbrains\sdk\runConfiguration\DemoRunConfigurationOptions.java,org.jetbrains.sdk.runConfiguration.DemoRunConfigurationOptions,class,2,5,3,2,2,2,0,4,0,0.0,1.0,1.0,2,0,2,0,0,0,2,0,0,0,1,0,0,1,0,0,1,0,0,9,1,0,0,0,0,2,0,1,0,1,0,0,0,0,11,1,0
E:\Desktop\Courses\OOP\Week6\Project\intellij-sdk-docs\code_samples\project_model\src\main\java\org\intellij\sdk\project\model\LibrariesAction.java,org.intellij.sdk.project.model.LibrariesAction,class,13,13,0,13,17,2,0,17,3,0.0,0.0,0.0,3,0,3,0,0,0,3,0,0,0,0,0,0,0,0,0,0,0,0,66,7,2,8,0,2,5,2,15,2,14,4,0,0,0,37,1,0
E:\Desktop\Courses\OOP\Week6\Project\intellij-sdk-docs\code_samples\project_view_pane\src\main\java\org\intellij\sdk\view\pane\ImagesProjectViewPane.java,org.intellij.sdk.view.pane.ImagesProjectViewPane$Anonymous3,anonymous,0,0,0,0,1,1,0,0,0,0.0,NaN,NaN,1,0,1,0,0,0,1,0,0,0,0,0,0,0,0,0,0,0,0,5,1,0,0,0,0,0,0,0,0,0,0,0,0,0,4,-1,0
E:\Desktop\Courses\OOP\Week6\Project\intellij-sdk-docs\code_samples\comparing_string_references_inspection\src\test\java\org\intellij\sdk\codeInspection\ComparingStringReferencesInspectionTest.java,org.intellij.sdk.codeInspection.ComparingStringReferencesInspectionTest,class,8,9,1,8,5,2,0,13,10,0.8,0.0,0.0,5,0,2,0,3,0,5,0,0,0,1,1,0,1,0,0,1,0,1,26,1,0,0,0,0,8,0,3,2,3,0,0,0,0,83,1,0
E:\Desktop\Courses\OOP\Week6\Project\intellij-sdk-docs\code_samples\project_view_pane\src\main\java\org\intellij\sdk\view\pane\ImagesProjectViewPane.java,org.intellij.sdk.view.pane.ImagesProjectViewPane$Anonymous1,anonymous,0,0,0,0,3,1,0,0,3,0.0,0.0,0.0,3,0,3,0,0,0,3,0,0,0,0,0,0,0,0,0,0,0,0,11,3,0,0,0,0,0,1,0,0,0,0,0,0,0,9,-1,0
E:\Desktop\Courses\OOP\Week6\Project\intellij-sdk-docs\code_samples\project_view_pane\src\main\java\org\intellij\sdk\view\pane\ImagesProjectViewPane.java,org.intellij.sdk.view.pane.ImagesProjectViewPane$Anonymous2,anonymous,6,6,0,6,4,1,0,2,3,0.0,0.0,0.0,3,1,1,1,1,0,2,0,0,0,0,0,0,0,0,0,0,0,1,15,3,0,1,0,0,1,0,1,0,1,1,0,0,0,28,-1,0
E:\Desktop\Courses\OOP\Week6\Project\intellij-sdk-docs\code_samples\editor_basics\src\main\java\org\intellij\sdk\editor\EditorIllustrationAction.java,org.intellij.sdk.editor.EditorIllustrationAction,class,8,8,0,8,5,2,0,15,3,0.0,0.0,0.0,3,0,3,0,0,0,3,0,0,0,0,0,0,0,0,0,0,0,0,20,1,0,2,0,0,1,0,8,0,8,0,0,0,1,51,1,0
E:\Desktop\Courses\OOP\Week6\Project\intellij-sdk-docs\code_samples\psi_demo\src\main\java\org\intellij\sdk\psi\PsiNavigationDemoAction.java,org.intellij.sdk.psi.PsiNavigationDemoAction$Anonymous1,anonymous,2,2,0,2,1,1,0,4,0,0.0,NaN,NaN,1,0,1,0,0,0,1,0,0,0,0,0,0,0,0,0,0,0,0,6,0,0,0,0,0,1,0,0,0,0,0,0,0,0,5,-1,0
E:\Desktop\Courses\OOP\Week6\Project\intellij-sdk-docs\code_samples\editor_basics\src\main\java\org\intellij\sdk\editor\EditorAreaIllustration.java,org.intellij.sdk.editor.EditorAreaIllustration,class,10,10,0,10,5,2,0,11,3,0.0,0.0,0.0,3,0,3,0,0,0,3,0,0,0,0,0,0,0,0,0,0,0,0,20,1,0,2,0,0,4,0,9,1,9,0,0,0,0,58,1,0
E:\Desktop\Courses\OOP\Week6\Project\intellij-sdk-docs\code_samples\module\src\main\java\org\intellij\sdk\module\DemoModuleWizardStep.java,org.intellij.sdk.module.DemoModuleWizardStep,class,1,2,1,1,2,2,0,0,1,0.0,0.0,0.0,2,0,2,0,0,0,2,0,0,0,0,0,0,0,0,0,0,0,0,7,1,0,0,0,0,1,0,0,0,0,0,0,0,0,13,1,0
E:\Desktop\Courses\OOP\Week6\Project\intellij-sdk-docs\code_samples\run_configuration\src\main\java\org\jetbrains\sdk\runConfiguration\DemoRunConfigurationType.java,org.jetbrains.sdk.runConfiguration.DemoRunConfigurationType,class,2,2,0,2,1,2,0,2,0,0.0,NaN,NaN,1,0,0,0,0,1,1,0,0,0,1,1,0,0,0,1,1,0,0,7,0,0,0,0,0,3,0,1,0,1,0,0,0,1,11,16,0
E:\Desktop\Courses\OOP\Week6\Project\intellij-sdk-docs\code_samples\simple_language_plugin\src\test\java\org\intellij\sdk\language\SimpleCodeInsightTest.java,org.intellij.sdk.language.SimpleCodeInsightTest,class,8,9,1,8,11,2,0,37,45,0.0,0.0,0.0,10,0,9,0,1,0,10,0,0,0,0,0,0,0,0,0,0,0,0,61,1,0,1,0,0,31,2,12,2,9,1,0,0,1,71,1,0
E:\Desktop\Courses\OOP\Week6\Project\intellij-sdk-docs\code_samples\simple_language_plugin\src\main\java\org\intellij\sdk\language\SimpleSpellcheckingStrategy.java,org.intellij.sdk.language.SimpleSpellcheckingStrategy,class,8,8,0,8,3,4,0,0,0,0.0,NaN,NaN,1,0,1,0,0,0,1,0,0,0,0,0,0,0,0,0,0,0,0,41,3,0,0,0,0,0,0,0,0,0,1,0,2,0,22,16,0
E:\Desktop\Courses\OOP\Week6\Project\intellij-sdk-docs\code_samples\simple_language_plugin\src\main\java\org\intellij\sdk\language\SimpleSpellcheckingStrategy.java,org.intellij.sdk.language.SimpleSpellcheckingStrategy$SimplePropertyTokenizer,innerclass,6,6,0,6,5,2,0,8,0,0.0,NaN,NaN,1,0,1,0,0,0,1,0,0,0,0,0,0,0,0,0,0,0,0,16,0,0,2,0,0,0,4,6,0,6,1,0,0,0,17,10,0
E:\Desktop\Courses\OOP\Week6\Project\intellij-sdk-docs\code_samples\action_basics\src\main\java\org\intellij\sdk\action\DynamicActionGroup.java,org.intellij.sdk.action.DynamicActionGroup,class,5,5,0,5,1,2,0,0,0,0.0,NaN,NaN,1,0,1,0,0,0,1,0,0,0,0,0,0,0,0,0,0,0,0,5,1,0,0,0,0,2,0,0,0,0,0,0,0,0,57,1,0
E:\Desktop\Courses\OOP\Week6\Project\intellij-sdk-docs\code_samples\live_templates\src\main\java\org\intellij\sdk\liveTemplates\MarkdownContext.java,org.intellij.sdk.liveTemplates.MarkdownContext,class,3,4,1,3,2,2,0,3,1,0.0,0.0,0.0,2,0,1,0,0,1,2,0,0,0,0,0,0,0,0,0,0,0,0,8,1,0,0,0,0,2,0,0,0,0,0,0,0,0,8,16,0
E:\Desktop\Courses\OOP\Week6\Project\intellij-sdk-docs\code_samples\simple_language_plugin\src\main\gen\org\intellij\sdk\language\parser\SimpleParser.java,org.intellij.sdk.language.parser.SimpleParser,class,7,9,2,7,28,1,0,18,66,0.0,0.0,0.0,12,9,3,4,1,4,8,0,0,0,0,0,0,0,0,0,0,0,8,83,19,1,0,0,0,12,10,20,7,12,2,0,0,0,44,1,0
E:\Desktop\Courses\OOP\Week6\Project\intellij-sdk-docs\code_samples\comparing_string_references_inspection\src\test\testData\Neq.java,Neq,class,0,0,0,0,1,1,0,0,0,0.0,NaN,NaN,1,0,1,0,0,0,1,0,0,0,0,0,0,0,0,0,0,0,0,4,0,0,0,0,0,0,0,0,0,0,0,0,0,0,4,1,0
E:\Desktop\Courses\OOP\Week6\Project\intellij-sdk-docs\code_samples\project_wizard\src\main\java\org\intellij\sdk\project\wizard\DemoModuleWizardStep.java,org.intellij.sdk.project.wizard.DemoModuleWizardStep$Anonymous1,anonymous,0,0,0,0,2,1,0,0,1,0.0,0.0,0.0,2,0,2,0,0,0,2,0,0,0,0,0,0,0,0,0,0,0,0,7,1,0,0,0,0,1,0,0,0,0,0,0,0,0,9,-1,0
E:\Desktop\Courses\OOP\Week6\Project\intellij-sdk-docs\code_samples\simple_language_plugin\src\main\gen\org\intellij\sdk\language\psi\SimpleVisitor.java,org.intellij.sdk.language.psi.SimpleVisitor,class,6,8,2,6,3,2,0,3,3,0.0,0.0,0.0,3,0,3,0,0,0,3,0,0,0,0,0,0,0,0,0,0,0,0,11,0,0,0,0,0,0,0,0,0,0,0,0,0,0,8,1,0
E:\Desktop\Courses\OOP\Week6\Project\intellij-sdk-docs\code_samples\simple_language_plugin\src\main\java\org\intellij\sdk\language\SimpleLanguageCodeStyleSettingsProvider.java,org.intellij.sdk.language.SimpleLanguageCodeStyleSettingsProvider,class,6,6,0,6,5,2,0,2,3,0.0,0.0,0.0,3,0,3,0,0,0,3,0,0,0,0,0,0,0,0,0,0,0,0,17,2,0,2,0,0,17,0,0,1,0,1,0,0,0,44,16,0
E:\Desktop\Courses\OOP\Week6\Project\intellij-sdk-docs\code_samples\project_view_pane\src\main\java\org\intellij\sdk\view\pane\ImagesProjectNode.java,org.intellij.sdk.view.pane.ImagesProjectNode,class,13,16,3,13,24,2,0,36,85,0.88095236,0.027777778,0.027777778,14,0,8,5,1,0,9,0,0,0,3,2,0,3,0,0,3,0,2,104,8,4,2,0,0,5,3,12,0,10,2,1,0,2,75,1,0
E:\Desktop\Courses\OOP\Week6\Project\intellij-sdk-docs\code_samples\simple_language_plugin\src\main\java\org\intellij\sdk\language\SimpleLineMarkerProvider.java,org.intellij.sdk.language.SimpleLineMarkerProvider,class,10,10,0,10,7,2,0,13,0,0.0,NaN,NaN,1,0,0,0,1,0,1,0,0,0,0,0,0,0,0,0,0,0,1,19,2,0,1,0,3,1,1,6,2,6,1,0,0,0,29,16,0
E:\Desktop\Courses\OOP\Week6\Project\intellij-sdk-docs\code_samples\simple_language_plugin\src\main\java\org\intellij\sdk\language\SimpleUtil.java,org.intellij.sdk.language.SimpleUtil,class,8,15,7,8,14,1,0,15,3,0.0,0.0,0.0,3,3,3,0,0,0,3,0,0,0,0,0,0,0,0,0,0,0,1,46,3,4,4,0,0,3,0,12,0,11,5,0,0,0,45,1,0
E:\Desktop\Courses\OOP\Week6\Project\intellij-sdk-docs\code_samples\simple_language_plugin\src\main\java\org\intellij\sdk\language\SimpleFindUsagesProvider.java,org.intellij.sdk.language.SimpleFindUsagesProvider,class,9,9,0,9,9,1,0,2,15,0.0,0.0,0.0,6,0,6,0,0,0,6,0,0,0,0,0,0,0,0,0,0,0,0,29,9,0,0,0,3,4,0,0,1,0,1,0,0,0,28,16,0
E:\Desktop\Courses\OOP\Week6\Project\intellij-sdk-docs\code_samples\action_basics\src\main\java\icons\SdkIcons.java,icons.SdkIcons,class,1,2,1,1,0,1,0,1,0,NaN,-1.0,-1.0,0,0,0,0,0,0,0,0,0,0,1,1,1,0,0,0,1,0,0,3,0,0,0,0,0,1,0,1,0,1,0,0,0,0,6,1,0
E:\Desktop\Courses\OOP\Week6\Project\intellij-sdk-docs\code_samples\simple_language_plugin\src\main\java\org\intellij\sdk\language\SimpleLexerAdapter.java,org.intellij.sdk.language.SimpleLexerAdapter,class,2,5,3,2,1,2,0,0,0,0.0,NaN,NaN,1,0,1,0,0,0,1,0,0,0,0,0,0,0,0,0,0,0,0,5,0,0,0,0,0,0,0,0,0,0,0,0,0,0,5,1,0
E:\Desktop\Courses\OOP\Week6\Project\intellij-sdk-docs\code_samples\simple_language_plugin\src\main\java\org\intellij\sdk\language\SimpleCreatePropertyQuickFix.java,org.intellij.sdk.language.SimpleCreatePropertyQuickFix,class,12,13,1,12,11,2,0,27,9,0.5,0.1,0.1,6,0,4,1,0,1,5,0,0,0,1,0,0,1,0,0,1,0,0,49,3,0,5,0,1,6,3,8,1,8,3,0,0,2,46,0,0
E:\Desktop\Courses\OOP\Week6\Project\intellij-sdk-docs\code_samples\tool_window\src\main\java\org\intellij\sdk\toolWindow\CalendarToolWindowFactory.java,org.intellij.sdk.toolWindow.CalendarToolWindowFactory,class,7,7,0,7,1,1,0,5,0,0.0,NaN,NaN,1,0,1,0,0,0,1,0,0,0,0,0,0,0,0,0,0,0,0,70,0,0,0,0,0,1,0,2,0,2,0,0,1,0,11,16,0
E:\Desktop\Courses\OOP\Week6\Project\intellij-sdk-docs\code_samples\simple_language_plugin\src\main\java\org\intellij\sdk\language\SimpleChooseByNameContributor.java,org.intellij.sdk.language.SimpleChooseByNameContributor,class,10,10,0,10,2,1,0,6,1,0.0,0.0,0.0,2,0,2,0,0,0,2,0,0,0,0,0,0,0,0,0,0,0,3,11,0,0,0,0,0,0,0,3,0,4,0,0,0,1,27,16,0
E:\Desktop\Courses\OOP\Week6\Project\intellij-sdk-docs\code_samples\simple_language_plugin\src\main\java\org\intellij\sdk\language\SimpleReference.java,org.intellij.sdk.language.SimpleReference,class,13,15,2,13,9,2,0,18,4,0.5,0.16666667,0.16666667,4,0,3,0,0,1,4,0,0,0,1,0,0,1,0,0,1,0,2,31,3,2,2,0,0,0,4,8,0,8,2,0,0,0,29,16,0
E:\Desktop\Courses\OOP\Week6\Project\intellij-sdk-docs\code_samples\simple_language_plugin\src\main\java\org\intellij\sdk\language\SimpleStructureAwareNavbar.java,org.intellij.sdk.language.SimpleStructureAwareNavbar,class,7,7,0,7,6,2,0,2,3,0.0,0.0,0.0,3,0,2,0,1,0,3,0,0,0,0,0,0,0,0,0,0,0,0,20,6,0,0,0,2,0,0,0,0,0,1,0,0,0,18,16,0
E:\Desktop\Courses\OOP\Week6\Project\intellij-sdk-docs\code_samples\simple_language_plugin\src\main\java\org\intellij\sdk\language\psi\impl\SimpleNamedElementImpl.java,org.intellij.sdk.language.psi.impl.SimpleNamedElementImpl,class,4,5,1,4,1,2,1,0,0,0.0,NaN,NaN,1,0,1,0,0,0,1,0,0,0,0,0,0,0,0,0,0,0,0,5,0,0,0,0,0,0,0,0,0,0,0,0,0,0,11,1025,0
E:\Desktop\Courses\OOP\Week6\Project\intellij-sdk-docs\code_samples\simple_language_plugin\src\test\testData\RenameTestData.java,Test,class,0,0,0,0,1,1,0,1,0,0.0,NaN,NaN,1,1,1,0,0,0,1,0,0,0,0,0,0,0,0,0,0,0,0,5,0,0,0,0,0,1,0,0,0,0,0,0,0,0,3,1,0
E:\Desktop\Courses\OOP\Week6\Project\intellij-sdk-docs\code_samples\module\src\main\java\org\intellij\sdk\module\DemoModuleType.java,org.intellij.sdk.module.DemoModuleType,class,7,9,2,7,7,2,0,3,19,0.71428573,0.04761905,0.04761905,7,1,6,0,0,1,7,0,0,0,1,1,0,1,0,0,1,0,0,24,6,0,0,0,0,3,0,1,0,1,0,0,0,0,23,16,0
E:\Desktop\Courses\OOP\Week6\Project\intellij-sdk-docs\code_samples\simple_language_plugin\src\main\gen\org\intellij\sdk\language\psi\SimpleTypes.java,org.intellij.sdk.language.psi.SimpleTypes$Factory,innerclass,4,4,0,4,2,1,0,1,0,0.0,NaN,NaN,1,1,1,0,0,0,1,0,0,0,0,0,0,0,0,0,0,0,0,9,1,0,1,0,0,1,0,1,1,1,1,0,0,0,23,0,0
E:\Desktop\Courses\OOP\Week6\Project\intellij-sdk-docs\code_samples\project_model\src\main\java\icons\SdkIcons.java,SdkIcons,class,2,3,1,2,0,1,0,1,0,NaN,-1.0,-1.0,0,0,0,0,0,0,0,0,0,0,1,1,1,0,0,0,1,0,0,3,0,0,0,0,0,1,0,1,0,1,0,0,0,0,6,1,0
E:\Desktop\Courses\OOP\Week6\Project\intellij-sdk-docs\code_samples\simple_language_plugin\src\main\java\org\intellij\sdk\language\SimpleIcons.java,org.intellij.sdk.language.SimpleIcons,class,1,2,1,1,0,1,0,1,0,NaN,-1.0,-1.0,0,0,0,0,0,0,0,0,0,0,1,1,1,0,0,0,1,0,0,3,0,0,0,0,0,1,0,1,0,1,0,0,0,0,9,1,0
E:\Desktop\Courses\OOP\Week6\Project\intellij-sdk-docs\code_samples\simple_language_plugin\src\main\java\org\intellij\sdk\language\SimpleCommenter.java,org.intellij.sdk.language.SimpleCommenter,class,2,2,0,2,5,1,0,0,10,0.0,0.0,0.0,5,0,5,0,0,0,5,0,0,0,0,0,0,0,0,0,0,0,0,17,5,0,0,0,0,2,0,0,0,0,0,0,0,0,10,16,0
E:\Desktop\Courses\OOP\Week6\Project\intellij-sdk-docs\code_samples\live_templates\src\main\java\org\intellij\sdk\liveTemplates\TitleCaseMacro.java,org.intellij.sdk.liveTemplates.TitleCaseMacro,class,8,8,0,8,6,2,0,3,6,0.0,0.0,0.0,4,0,2,1,1,0,3,0,0,0,0,0,0,0,0,0,0,0,0,21,3,0,1,0,1,2,1,2,0,1,1,0,0,0,28,16,0
E:\Desktop\Courses\OOP\Week6\Project\intellij-sdk-docs\code_samples\facet_basics\src\main\java\org\intellij\sdk\facet\DemoFacetState.java,org.intellij.sdk.facet.DemoFacetState,class,2,5,3,2,3,1,0,1,1,0.5,0.33333334,0.33333334,3,0,2,0,0,1,3,0,0,0,2,1,1,0,0,1,1,0,0,13,1,0,0,0,0,1,0,2,0,2,0,0,0,0,37,1,0
E:\Desktop\Courses\OOP\Week6\Project\intellij-sdk-docs\code_samples\project_wizard\src\main\java\org\intellij\sdk\project\wizard\DemoModuleWizardStep.java,org.intellij.sdk.project.wizard.DemoModuleWizardStep,class,7,7,0,7,3,2,0,0,3,0.0,0.0,0.0,3,0,3,0,0,0,3,0,0,0,0,0,0,0,0,0,0,0,0,17,2,0,0,0,0,0,0,0,0,0,0,1,0,0,18,16,0
E:\Desktop\Courses\OOP\Week6\Project\intellij-sdk-docs\code_samples\simple_language_plugin\src\main\java\org\intellij\sdk\language\SimpleBlock.java,org.intellij.sdk.language.SimpleBlock,class,11,13,2,11,8,2,0,8,4,0.4,0.3,0.3,5,0,3,0,2,0,5,0,0,0,1,0,0,1,0,0,1,0,0,28,4,1,3,0,0,0,0,5,0,4,2,0,0,0,23,1,0
E:\Desktop\Courses\OOP\Week6\Project\intellij-sdk-docs\code_samples\simple_language_plugin\src\main\java\org\intellij\sdk\language\SimplePropertyIconProvider.java,org.intellij.sdk.language.SimplePropertyIconProvider,class,5,5,0,5,2,2,0,0,0,0.0,NaN,NaN,1,0,1,0,0,0,1,0,0,0,0,0,0,0,0,0,0,0,0,5,1,0,0,0,0,0,0,0,0,0,0,0,0,0,10,16,0
E:\Desktop\Courses\OOP\Week6\Project\intellij-sdk-docs\code_samples\simple_language_plugin\src\main\gen\org\intellij\sdk\language\psi\SimpleTypes.java,org.intellij.sdk.language.psi.SimpleTypes,interface,3,3,0,3,0,1,0,0,0,NaN,-1.0,-1.0,0,0,0,0,0,0,0,0,0,0,6,0,0,0,0,6,0,0,0,17,0,0,0,0,0,6,0,6,0,6,0,0,1,0,22,1,0
E:\Desktop\Courses\OOP\Week6\Project\intellij-sdk-docs\code_samples\simple_language_plugin\src\main\gen\org\intellij\sdk\language\SimpleLexer.java,org.intellij.sdk.language.SimpleLexer,class,6,8,2,6,66,1,0,22,190,0.9045698,0.33333334,0.54545456,24,10,11,12,0,1,12,0,7,0,31,20,3,25,0,3,20,0,16,296,25,12,6,1,7,27,61,115,12,79,5,0,0,0,259,0,0
E:\Desktop\Courses\OOP\Week6\Project\intellij-sdk-docs\code_samples\simple_language_plugin\src\main\java\org\intellij\sdk\language\SimpleFoldingBuilder.java,org.intellij.sdk.language.SimpleFoldingBuilder$Anonymous1,anonymous,7,7,0,7,4,1,0,14,0,0.0,NaN,NaN,1,0,1,0,0,0,1,0,0,0,0,0,0,0,0,0,0,0,2,14,0,0,2,0,0,0,2,4,4,4,2,0,0,0,17,-1,0
E:\Desktop\Courses\OOP\Week6\Project\intellij-sdk-docs\code_samples\conditional_operator_intention\src\test\java\org\intellij\sdk\intention\ConditionalOperatorConverterTest.java,org.intellij.sdk.intention.ConditionalOperatorConverterTest,class,3,4,1,3,3,2,0,6,3,0.0,0.0,0.0,3,0,1,0,2,0,3,0,0,0,0,0,0,0,0,0,0,0,0,15,1,0,0,0,0,5,0,1,2,1,0,0,0,0,36,1,0
E:\Desktop\Courses\OOP\Week6\Project\intellij-sdk-docs\code_samples\simple_language_plugin\src\main\java\org\intellij\sdk\language\SimpleFoldingBuilder.java,org.intellij.sdk.language.SimpleFoldingBuilder,class,13,13,0,13,7,2,0,12,3,0.0,0.0,0.0,3,0,3,0,0,0,3,0,0,0,0,0,0,0,0,0,0,0,1,44,7,0,3,0,0,4,0,6,1,6,2,1,0,0,69,16,0
E:\Desktop\Courses\OOP\Week6\Project\intellij-sdk-docs\code_samples\simple_language_plugin\src\main\java\org\intellij\sdk\language\SimpleSpellcheckingStrategy.java,org.intellij.sdk.language.SimpleSpellcheckingStrategy$SimpleCommentTokenizer,innerclass,4,4,0,4,4,2,0,7,0,0.0,NaN,NaN,1,0,1,0,0,0,1,0,0,0,0,0,0,0,0,0,0,0,1,14,0,1,1,0,0,0,2,1,0,1,2,0,0,0,11,10,0
E:\Desktop\Courses\OOP\Week6\Project\intellij-sdk-docs\code_samples\product_specific\pycharm_basics\src\main\java\org\intellij\sdk\pycharm\PopupDialogAction.java,org.intellij.sdk.pycharm.PopupDialogAction,class,4,4,0,4,3,2,0,5,1,0.0,0.0,0.0,2,0,2,0,0,0,2,0,0,0,0,0,0,0,0,0,0,0,0,10,0,0,1,0,0,2,0,2,0,2,0,0,0,0,76,1,0
E:\Desktop\Courses\OOP\Week6\Project\intellij-sdk-docs\code_samples\comparing_string_references_inspection\src\test\testData\Eq.java,Eq,class,0,0,0,0,1,1,0,0,0,0.0,NaN,NaN,1,0,1,0,0,0,1,0,0,0,0,0,0,0,0,0,0,0,0,4,0,0,0,0,0,0,0,0,0,0,0,0,0,0,4,1,0
E:\Desktop\Courses\OOP\Week6\Project\intellij-sdk-docs\code_samples\simple_language_plugin\src\test\java\org\intellij\sdk\language\SimpleParsingTest.java,org.intellij.sdk.language.SimpleParsingTest,class,2,2,0,2,5,2,0,1,10,0.0,0.0,0.0,5,0,2,0,3,0,5,0,0,0,0,0,0,0,0,0,0,0,0,17,3,0,0,0,0,3,0,0,0,0,0,0,0,0,25,1,0
E:\Desktop\Courses\OOP\Week6\Project\intellij-sdk-docs\code_samples\simple_language_plugin\src\main\java\org\intellij\sdk\language\SimpleDocumentationProvider.java,org.intellij.sdk.language.SimpleDocumentationProvider,class,7,8,1,7,8,2,0,11,15,0.0,0.0,0.0,6,0,4,2,0,0,4,0,0,0,0,0,0,0,0,0,0,0,1,50,7,0,0,0,3,8,0,7,1,7,1,0,0,0,100,16,0
E:\Desktop\Courses\OOP\Week6\Project\intellij-sdk-docs\code_samples\tree_structure_provider\src\main\java\org\intellij\sdk\treeStructureProvider\TextOnlyTreeStructureProvider.java,org.intellij.sdk.treeStructureProvider.TextOnlyTreeStructureProvider,class,7,7,0,7,6,1,0,4,0,0.0,NaN,NaN,1,0,1,0,0,0,1,0,0,0,0,0,0,0,0,0,0,0,0,15,1,1,1,0,2,0,0,2,0,2,3,0,0,0,20,16,0
E:\Desktop\Courses\OOP\Week6\Project\intellij-sdk-docs\code_samples\facet_basics\src\main\java\org\intellij\sdk\facet\DemoFacetConfiguration.java,org.intellij.sdk.facet.DemoFacetConfiguration,class,9,11,2,9,3,1,0,0,0,0.0,1.0,1.0,3,0,3,0,0,0,3,0,0,0,1,0,0,1,0,0,0,0,0,12,2,0,0,0,0,0,0,2,0,1,0,0,0,0,87,1,0
E:\Desktop\Courses\OOP\Week6\Project\intellij-sdk-docs\code_samples\facet_basics\src\main\java\org\intellij\sdk\facet\DemoFacetType.java,org.intellij.sdk.facet.DemoFacetType,class,8,8,0,8,5,2,0,0,10,0.8,0.0,0.0,5,0,5,0,0,0,5,0,0,0,3,3,3,0,0,0,3,0,0,20,4,0,0,0,0,2,0,3,0,3,0,0,0,0,38,16,0
E:\Desktop\Courses\OOP\Week6\Project\intellij-sdk-docs\code_samples\simple_language_plugin\src\main\java\org\intellij\sdk\language\SimpleFileType.java,org.intellij.sdk.language.SimpleFileType,class,4,6,2,4,5,2,0,0,10,0.8,0.0,0.0,5,0,4,1,0,0,4,0,0,0,1,1,1,0,0,0,1,0,0,18,4,0,0,0,0,3,0,1,0,1,0,0,0,0,18,17,0
E:\Desktop\Courses\OOP\Week6\Project\intellij-sdk-docs\code_samples\simple_language_plugin\src\main\java\org\intellij\sdk\language\SimpleFormattingModelBuilder.java,org.intellij.sdk.language.SimpleFormattingModelBuilder,class,8,9,1,8,2,1,0,13,1,0.0,NaN,NaN,2,1,1,1,0,0,1,0,0,0,0,0,0,0,0,0,0,0,1,9,2,0,0,0,0,0,0,1,0,1,0,0,0,0,15,16,0
E:\Desktop\Courses\OOP\Week6\Project\intellij-sdk-docs\code_samples\simple_language_plugin\src\main\java\org\intellij\sdk\language\SimpleStructureViewModel.java,org.intellij.sdk.language.SimpleStructureViewModel,class,10,11,1,10,5,2,0,1,10,0.0,0.0,0.0,5,0,4,0,1,0,5,0,0,0,0,0,0,0,0,0,0,0,0,17,4,0,0,0,0,0,0,0,0,0,0,0,0,0,24,1,0
E:\Desktop\Courses\OOP\Week6\Project\intellij-sdk-docs\code_samples\simple_language_plugin\src\main\java\org\intellij\sdk\language\SimpleCodeStyleSettingsProvider.java,org.intellij.sdk.language.SimpleCodeStyleSettingsProvider$SimpleCodeStyleMainPanel,innerclass,2,2,0,2,1,2,0,0,0,0.0,NaN,NaN,1,0,1,0,0,0,1,0,0,0,0,0,0,0,0,0,0,0,0,5,0,0,0,0,0,0,0,0,0,0,0,0,0,0,9,10,0
E:\Desktop\Courses\OOP\Week6\Project\intellij-sdk-docs\code_samples\project_view_pane\src\main\java\org\intellij\sdk\view\pane\ImagesProjectNode.java,org.intellij.sdk.view.pane.ImagesProjectNode$Anonymous1,anonymous,4,4,0,4,7,1,0,7,0,0.0,NaN,NaN,1,0,1,0,0,0,1,0,0,0,0,0,0,0,0,0,0,0,0,27,0,1,2,0,0,1,0,5,0,4,2,1,0,0,18,-1,0
E:\Desktop\Courses\OOP\Week6\Project\intellij-sdk-docs\code_samples\simple_language_plugin\src\main\java\org\intellij\sdk\language\SimpleStructureViewElement.java,org.intellij.sdk.language.SimpleStructureViewElement,class,11,13,2,11,12,1,0,9,0,0.0,1.0,1.0,8,0,8,0,0,0,8,0,0,0,1,0,0,1,0,0,1,0,0,37,7,1,2,0,0,1,1,5,0,5,2,0,0,0,45,1,0
E:\Desktop\Courses\OOP\Week6\Project\intellij-sdk-docs\code_samples\editor_basics\src\main\java\org\intellij\sdk\editor\MyTypedHandler.java,org.intellij.sdk.editor.MyTypedHandler,class,7,7,0,7,1,2,0,3,0,0.0,NaN,NaN,1,0,1,0,0,0,1,0,0,0,0,0,0,0,0,0,0,0,0,8,1,0,0,0,0,1,1,2,0,2,0,0,0,1,39,16,0
E:\Desktop\Courses\OOP\Week6\Project\intellij-sdk-docs\code_samples\simple_language_plugin\src\main\java\org\intellij\sdk\language\psi\SimpleTokenSets.java,org.intellij.sdk.language.psi.SimpleTokenSets,interface,1,1,0,1,0,1,0,1,0,NaN,-1.0,-1.0,0,0,0,0,0,0,0,0,0,0,2,0,0,0,0,2,0,0,0,4,0,0,0,0,0,0,0,2,0,2,0,0,0,0,15,1,0
E:\Desktop\Courses\OOP\Week6\Project\intellij-sdk-docs\code_samples\simple_language_plugin\src\main\java\org\intellij\sdk\language\psi\SimpleElementFactory.java,org.intellij.sdk.language.psi.SimpleElementFactory,class,5,7,2,5,4,1,0,4,6,0.0,0.0,0.0,4,4,4,0,0,0,4,0,0,0,0,0,0,0,0,0,0,0,3,18,4,0,0,0,0,3,0,4,1,4,0,0,0,0,17,1,0
E:\Desktop\Courses\OOP\Week6\Project\intellij-sdk-docs\code_samples\simple_language_plugin\src\main\java\org\intellij\sdk\language\SimpleStructureViewFactory.java,org.intellij.sdk.language.SimpleStructureViewFactory,class,7,7,0,7,1,1,0,0,0,0.0,NaN,NaN,1,0,1,0,0,0,1,0,0,0,0,0,0,0,0,0,0,0,0,10,1,0,0,0,0,0,0,0,0,0,0,1,0,0,11,16,0
E:\Desktop\Courses\OOP\Week6\Project\intellij-sdk-docs\code_samples\psi_demo\src\main\java\org\intellij\sdk\psi\PsiNavigationDemoAction.java,org.intellij.sdk.psi.PsiNavigationDemoAction,class,10,10,0,10,11,2,0,16,3,0.0,0.0,0.0,3,0,3,0,0,0,3,0,0,0,0,0,0,0,0,0,0,0,0,38,2,0,8,0,0,10,0,9,0,9,2,1,0,0,32,1,0
E:\Desktop\Courses\OOP\Week6\Project\intellij-sdk-docs\code_samples\run_configuration\src\main\java\org\jetbrains\sdk\runConfiguration\DemoSettingsEditor.java,org.jetbrains.sdk.runConfiguration.DemoSettingsEditor,class,4,5,1,4,4,2,0,9,0,0.375,0.6666667,1.0,4,0,1,0,3,0,4,0,0,0,2,0,0,2,0,0,2,0,0,18,1,0,0,0,0,2,0,2,0,2,0,0,0,0,23,1,0
E:\Desktop\Courses\OOP\Week6\Project\intellij-sdk-docs\code_samples\simple_language_plugin\src\main\java\org\intellij\sdk\language\psi\SimpleFile.java,org.intellij.sdk.language.psi.SimpleFile,class,5,10,5,5,3,2,0,0,3,0.0,0.0,0.0,3,0,3,0,0,0,3,0,0,0,0,0,0,0,0,0,0,0,0,11,2,0,0,0,0,1,0,0,0,0,0,0,0,0,11,1,0
E:\Desktop\Courses\OOP\Week6\Project\intellij-sdk-docs\code_samples\simple_language_plugin\src\main\java\org\intellij\sdk\language\SimpleCodeStyleSettingsProvider.java,org.intellij.sdk.language.SimpleCodeStyleSettingsProvider$Anonymous1,anonymous,4,4,0,4,1,1,0,1,0,0.0,NaN,NaN,1,0,0,0,1,0,1,0,0,0,0,0,0,0,0,0,0,0,0,5,1,0,0,0,0,0,0,0,0,0,0,0,0,0,11,-1,0
E:\Desktop\Courses\OOP\Week6\Project\intellij-sdk-docs\code_samples\simple_language_plugin\src\main\java\org\intellij\sdk\language\SimpleReferenceContributor.java,org.intellij.sdk.language.SimpleReferenceContributor,class,5,5,0,5,1,2,0,2,0,0.0,NaN,NaN,1,0,1,0,0,0,1,0,0,0,0,0,0,0,0,0,0,0,0,16,0,0,0,0,0,0,0,0,0,0,0,1,0,0,9,16,0
E:\Desktop\Courses\OOP\Week6\Project\intellij-sdk-docs\code_samples\simple_language_plugin\src\main\java\org\intellij\sdk\language\psi\SimpleTokenType.java,org.intellij.sdk.language.psi.SimpleTokenType,class,3,4,1,3,2,2,0,1,1,0.0,0.0,0.0,2,0,2,0,0,0,2,0,0,0,0,0,0,0,0,0,0,0,0,8,1,0,0,0,0,1,0,0,1,0,0,0,0,0,9,1,0
E:\Desktop\Courses\OOP\Week6\Project\intellij-sdk-docs\code_samples\simple_language_plugin\src\main\gen\org\intellij\sdk\language\psi\impl\SimplePropertyImpl.java,org.intellij.sdk.language.psi.impl.SimplePropertyImpl,class,10,13,3,10,10,3,0,9,36,0.0,0.0,0.0,9,0,9,0,0,0,9,0,0,0,0,0,0,0,0,0,0,0,6,30,6,0,0,0,0,0,0,0,0,0,1,0,0,0,23,1,0
E:\Desktop\Courses\OOP\Week6\Project\intellij-sdk-docs\code_samples\run_configuration\src\main\java\org\jetbrains\sdk\runConfiguration\DemoRunConfiguration.java,org.jetbrains.sdk.runConfiguration.DemoRunConfiguration$Anonymous1,anonymous,6,6,0,6,1,1,0,5,0,0.0,NaN,NaN,1,0,0,0,1,0,1,0,0,0,0,0,0,0,0,0,0,0,0,8,1,0,0,0,0,0,0,2,0,2,0,0,0,0,14,-1,0
E:\Desktop\Courses\OOP\Week6\Project\intellij-sdk-docs\code_samples\comparing_string_references_inspection\src\main\java\org\intellij\sdk\codeInspection\ComparingStringReferencesInspection.java,org.intellij.sdk.codeInspection.ComparingStringReferencesInspection$ReplaceWithEqualsQuickFix,innerclass,12,12,0,12,6,1,0,15,3,0.0,0.0,0.0,3,0,3,0,0,0,3,0,0,0,0,0,0,0,0,0,0,0,1,31,3,0,4,0,0,3,1,10,0,10,1,0,0,0,67,10,0
E:\Desktop\Courses\OOP\Week6\Project\intellij-sdk-docs\code_samples\simple_language_plugin\src\main\java\org\intellij\sdk\language\SimpleCompletionContributor.java,org.intellij.sdk.language.SimpleCompletionContributor$Anonymous1,anonymous,1,1,0,1,1,1,0,2,0,0.0,NaN,NaN,1,0,1,0,0,0,1,0,0,0,0,0,0,0,0,0,0,0,0,5,0,0,0,0,0,1,0,0,0,0,0,0,0,0,9,-1,0
E:\Desktop\Courses\OOP\Week6\Project\intellij-sdk-docs\code_samples\simple_language_plugin\src\main\java\org\intellij\sdk\language\SimpleCompletionContributor.java,org.intellij.sdk.language.SimpleCompletionContributor,class,2,2,0,2,1,2,0,2,0,0.0,NaN,NaN,1,0,0,0,0,1,1,0,0,0,0,0,0,0,0,0,0,0,0,10,0,0,0,0,0,0,0,0,0,0,0,1,0,0,4,16,0
